{
  "//": "This file was generated by the `vercel build` command. It is not part of the Build Output API.",
  "target": "preview",
  "argv": [
    "/home/cptcr/.nvm/versions/node/v23.11.0/bin/node",
    "/home/cptcr/.npm/_npx/69f9afb961c37556/node_modules/.bin/vc",
    "build"
  ],
  "builds": [
    {
      "require": "@vercel/next",
      "requirePath": "/home/cptcr/.npm/_npx/69f9afb961c37556/node_modules/@vercel/next/dist/index",
      "apiVersion": 2,
      "src": "package.json",
      "use": "@vercel/next",
      "config": {
        "zeroConfig": true,
        "framework": "nextjs"
      }
    }
  ],
  "features": {
    "webAnalyticsVersion": "1.3.1"
  }
}
