[{"name":"vc.builder.install","duration":444332,"timestamp":327775355,"id":"0f5cea6c-2513-4c4f-848f-c8bd64bd915f","parentId":"c6872f81-c4d4-4f77-bdb4-6ca0e96e546b","tags":{"cliType":"npm","lockfileVersion":"3"},"startTime":1760524515167},{"name":"vc.builder.build","duration":24236424,"timestamp":328220449,"id":"8580cf0f-a408-4efc-b305-88842fff28f7","parentId":"c6872f81-c4d4-4f77-bdb4-6ca0e96e546b","tags":{"buildScriptName":"build"},"startTime":1760524515612},{"name":"vc.builder","duration":24720323,"timestamp":327763455,"id":"c6872f81-c4d4-4f77-bdb4-6ca0e96e546b","parentId":"84c52255-0c6a-4547-baec-d538710eb3c3","tags":{"name":"@vercel/next","install":"true","build":"true"},"startTime":1760524515155},{"name":"vc.builder.diagnostics","duration":1304,"timestamp":352483890,"id":"ffa88f08-d2c2-48ce-8e03-61242f3309bd","parentId":"c6872f81-c4d4-4f77-bdb4-6ca0e96e546b","tags":{},"startTime":1760524539875},{"name":"vc.builder.writeBuildResult","duration":27879,"timestamp":352485239,"id":"97273f0b-96f5-4cbc-9ef4-a6eaedca51ea","parentId":"c6872f81-c4d4-4f77-bdb4-6ca0e96e546b","tags":{"buildOutputLength":"1"},"startTime":1760524539876},{"name":"vc.doBuild","duration":24833848,"timestamp":327688437,"id":"84c52255-0c6a-4547-baec-d538710eb3c3","parentId":"463a6f33-3b92-4864-ae70-aed62302badb","tags":{},"startTime":1760524515080},{"name":"vc","duration":24845393,"timestamp":327676901,"id":"463a6f33-3b92-4864-ae70-aed62302badb","tags":{},"startTime":1760524515068}]