{
  "timestamp": 1760524540166,
  "outputDir": ".vercel/output/static/_worker.js",
  "versions": {
    "@cloudflare/next-on-pages": "1.13.16"
  },
  "buildFiles": {
    "functions": {
      "invalid": [],
      "middleware": [],
      "edge": [],
      "prerendered": [],
      "ignored": []
    },
    "staticAssets": [
      "/404.html",
      "/_next/static/Hcw7mQ8G1sonS9naS59MZ/_buildManifest.js",
      "/_next/static/Hcw7mQ8G1sonS9naS59MZ/_ssgManifest.js",
      "/_next/static/chunks/0-662476c4b7ee794e.js",
      "/_next/static/chunks/1329d575.2d5de4ad18d19109.js",
      "/_next/static/chunks/255-379c01dac331dc2b.js",
      "/_next/static/chunks/257.93e5170c817aa872.js",
      "/_next/static/chunks/349.7c2c705029b1b97d.js",
      "/_next/static/chunks/4bd1b696-c023c6e3521b1417.js",
      "/_next/static/chunks/503-205aa0443035e035.js",
      "/_next/static/chunks/595-1752b6c57c6893ec.js",
      "/_next/static/chunks/a3cd4a83.0ba9c465bb3e30a6.js",
      "/_next/static/chunks/app/_not-found/page-f187ad254cc1b0eb.js",
      "/_next/static/chunks/app/acceptable-use/page-e100e84f59017cc2.js",
      "/_next/static/chunks/app/docs/acceptable-use/page-7e38f12270e2ac39.js",
      "/_next/static/chunks/app/docs/advanced/page-7e38f12270e2ac39.js",
      "/_next/static/chunks/app/docs/billing/page-7e38f12270e2ac39.js",
      "/_next/static/chunks/app/docs/control-panel/page-7e38f12270e2ac39.js",
      "/_next/static/chunks/app/docs/databases/page-7e38f12270e2ac39.js",
      "/_next/static/chunks/app/docs/faq/page-7e38f12270e2ac39.js",
      "/_next/static/chunks/app/docs/getting-started/page-e100e84f59017cc2.js",
      "/_next/static/chunks/app/docs/layout-fb5d34c6ea9d5aae.js",
      "/_next/static/chunks/app/docs/monitoring/page-7e38f12270e2ac39.js",
      "/_next/static/chunks/app/docs/optimization/page-7e38f12270e2ac39.js",
      "/_next/static/chunks/app/docs/page-e100e84f59017cc2.js",
      "/_next/static/chunks/app/docs/quickstart/page-7e38f12270e2ac39.js",
      "/_next/static/chunks/app/docs/servers/backup-recovery/page-7e38f12270e2ac39.js",
      "/_next/static/chunks/app/docs/servers/page-7e38f12270e2ac39.js",
      "/_next/static/chunks/app/docs/servers/security/page-7e38f12270e2ac39.js",
      "/_next/static/chunks/app/docs/troubleshooting/page-7e38f12270e2ac39.js",
      "/_next/static/chunks/app/layout-7919c0b69c559da7.js",
      "/_next/static/chunks/app/not-found-2623dfe1153319ea.js",
      "/_next/static/chunks/app/page-1b9e163469b951a8.js",
      "/_next/static/chunks/app/privacy/page-e100e84f59017cc2.js",
      "/_next/static/chunks/app/security/page-e100e84f59017cc2.js",
      "/_next/static/chunks/app/terms/page-e100e84f59017cc2.js",
      "/_next/static/chunks/b536a0f1.05ee2c75df4a3b9d.js",
      "/_next/static/chunks/bd904a5c.3aea2adebde6f067.js",
      "/_next/static/chunks/f6211eb1.00ea97942110b118.js",
      "/_next/static/chunks/framework-9b376f5636d779c2.js",
      "/_next/static/chunks/main-app-1bcc1068a1dd3577.js",
      "/_next/static/chunks/main-db1c4bce324ca9c6.js",
      "/_next/static/chunks/pages/_app-7d307437aca18ad4.js",
      "/_next/static/chunks/pages/_error-cb2a52f75f2162e2.js",
      "/_next/static/chunks/polyfills-42372ed130431b0a.js",
      "/_next/static/chunks/webpack-28cb4b77b4df3edb.js",
      "/_next/static/css/35ca6f49d18e4469.css",
      "/_next/static/media/028c0d39d2e8f589-s.p.woff2",
      "/_next/static/media/5b01f339abf2f1a5.p.woff2",
      "/_next/static/media/seo-image.24ee822f.jpg",
      "/acceptable-use.html",
      "/acceptable-use.txt",
      "/docs/acceptable-use.html",
      "/docs/acceptable-use.txt",
      "/docs/advanced.html",
      "/docs/advanced.txt",
      "/docs/billing.html",
      "/docs/billing.txt",
      "/docs/control-panel.html",
      "/docs/control-panel.txt",
      "/docs/databases.html",
      "/docs/databases.txt",
      "/docs/faq.html",
      "/docs/faq.txt",
      "/docs/getting-started.html",
      "/docs/getting-started.txt",
      "/docs/monitoring.html",
      "/docs/monitoring.txt",
      "/docs/optimization.html",
      "/docs/optimization.txt",
      "/docs/quickstart.html",
      "/docs/quickstart.txt",
      "/docs/servers/backup-recovery.html",
      "/docs/servers/backup-recovery.txt",
      "/docs/servers/security.html",
      "/docs/servers/security.txt",
      "/docs/servers.html",
      "/docs/servers.txt",
      "/docs/troubleshooting.html",
      "/docs/troubleshooting.txt",
      "/docs.html",
      "/docs.txt",
      "/index.html",
      "/index.txt",
      "/privacy.html",
      "/privacy.txt",
      "/security.html",
      "/security.txt",
      "/terms.html",
      "/terms.txt"
    ],
    "identifiers": {
      "wasm": {},
      "manifest": {},
      "webpack": {}
    }
  }
}